;2010;;2011;;2012;;2013 (1);;;;;;
;"A preços correntes
(1 000 R$)";"Per capita
(R$)";"A preços correntes
(1 000 R$)";"Per capita
(R$)";"A preços correntes
(1 000 R$)";"Per capita
(R$)";"A preços correntes
(1 000 R$)";"Per capita
(R$)";;;;;
Adamantina;   613 066;    18139,65;   667 158;    19726,15;   733 214;    21665,16;   774 859;    22168,60;;;;;
Adolfo;   59 705;    16785,09;   66 171;    18650,32;   52 072;    14718,04;   71 789;    19727,55;;;;;
Aguaí;   554 412;    17234,90;   581 088;    17906,09;   575 857;    17586,10;   661 918;    19361,12;;;;;
Águas da Prata;   133 427;    17602,50;   97 359;    12778,43;   110 944;    14496,85;   120 520;    15175,01;;;;;
Águas de Lindóia;   238 139;    13796,33;   280 126;    16141,87;   286 677;    16439,80;   368 952;    20375,06;;;;;
Águas de Santa Bárbara;   132 008;    23581,30;   139 279;    24738,80;   97 202;    17179,63;   113 906;    19384,95;;;;;
Águas de São Pedro;   69 706;    25788,47;   71 498;    25802,17;   82 544;    29146,83;   97 021;    32297,32;;;;;
Agudos;  1 753 364;    50775,06;  1 761 411;    50788,92;  1 937 314;    55617,21;  1 877 202;    51928,14;;;;;
Alambari;   60 461;    12374,25;   60 255;    12101,90;   59 852;    11802,79;   67 900;    12677,37;;;;;
Alfredo Marcondes;   40 646;    10446,18;   42 674;    10925,15;   53 682;    13691,02;   65 414;    16095,95;;;;;
Altair;   74 439;    19517,39;   86 202;    22465,91;   93 227;    24158,25;   95 576;    23834,31;;;;;
Altinópolis;   250 190;    16028,57;   257 773;    16505,95;   279 612;    17892,90;   335 147;    20768,88;;;;;
Alto Alegre;   58 359;    14216,65;   65 808;    16090,01;   80 804;    19814,52;   72 806;    17363,72;;;;;
Alumínio;  1 591 384;    94472,19;  1 741 509;   1 02677,26;  1 693 709;    99169,07;  1 560 349;    87738,91;;;;;
Álvares Florence;   91 475;    23449,21;   95 514;    24712,44;   112 467;    29334,03;   96 657;    24688,89;;;;;
Álvares Machado;   240 514;    10232,04;   273 493;    11599,02;   317 681;    13437,13;   365 571;    14932,22;;;;;
Álvaro de Carvalho;   29 944;    6439,55;   40 705;    8675,31;   37 850;    7998,66;   36 363;    7365,38;;;;;
Alvinlândia;   31 039;    10346,44;   29 615;    9828,94;   34 598;    11437,36;   38 851;    12384,91;;;;;
Americana;  7 097 871;    33686,94;  8 443 694;    39680,69;  8 601 353;    40029,94;  9 890 709;    44046,60;;;;;
Américo Brasiliense;   450 050;    13036,61;   479 194;    13709,27;   531 498;    15008,54;   633 420;    17043,46;;;;;
Américo de Campos;   56 429;    9889,41;   62 048;    10857,09;   63 590;    11111,28;   69 388;    11728,86;;;;;
Amparo;  2 448 527;    37191,31;  2 810 837;    42430,29;  2 966 982;    44516,53;  3 179 686;    45868,35;;;;;
Analândia;   101 550;    23676,91;   117 341;    26987,28;   119 538;    27161,64;   133 532;    28953,12;;;;;
Andradina;  1 372 118;    24804,64;  1 692 997;    30588,22;  1 812 688;    32743,04;  1 975 832;    34575,77;;;;;
Angatuba;   547 118;    24632,74;   689 043;    30714,24;   641 385;    28317,21;   678 603;    28674,19;;;;;
Anhembi;   92 562;    16388,39;   90 328;    15739,28;   104 110;    17882,20;   107 457;    17558,27;;;;;
Anhumas;   40 412;    10811,05;   36 718;    9755,09;   53 194;    14042,76;   69 322;    17590,04;;;;;
Aparecida;   493 935;    14095,11;   596 496;    17035,44;   675 619;    19290,73;   749 994;    20746,15;;;;;
Aparecida d'Oeste;   49 372;    11109,86;   60 248;    13652,44;   61 231;    13989,33;   64 122;    14351,40;;;;;
Apiaí;   425 525;    16888,58;   466 393;    18625,91;   494 305;    19856,38;   653 974;    25655,10;;;;;
Araçariguama;  1 051 265;    61531,47;  1 212 986;    69175,15;  1 322 502;    73574,53;  1 388 166;    72511,80;;;;;
Araçatuba;  3 912 515;    21542,55;  4 368 165;    23931,74;  5 113 607;    27876,03;  5 611 001;    29448,51;;;;;
Araçoiaba da Serra;   322 025;    11785,85;   384 100;    13779,85;   425 807;    14977,92;   481 780;    16012,38;;;;;
Aramina;   78 475;    15237,82;   90 358;    17436,99;   101 818;    19538,99;   120 612;    22269,59;;;;;
Arandu;   68 560;    11197,17;   70 619;    11524,00;   65 676;    10710,33;   71 003;    11209,78;;;;;
Arapeí;   22 658;    9092,14;   20 770;    8361,46;   23 924;    9666,21;   22 516;    8860,99;;;;;
Araraquara;  5 428 146;    26006,21;  6 146 050;    29173,41;  6 962 226;    32745,39;  7 414 759;    33394,40;;;;;
Araras;  3 242 858;    27274,29;  3 763 198;    31368,35;  4 165 442;    34409,50;  4 242 642;    33567,59;;;;;
Arco-Íris;   28 665;    14890,72;   30 576;    16033,67;   33 808;    17887,68;   31 829;    16534,31;;;;;
Arealva;   123 548;    15754,62;   120 677;    15300,74;   130 919;    16505,19;   138 478;    16795,41;;;;;
Areias;   22 942;    6212,38;   25 487;    6880,95;   29 704;    8004,34;   34 684;    9034,57;;;;;
Areiópolis;   69 005;    6521,64;   78 849;    7437,84;   101 027;    9511,13;   110 156;    10024,21;;;;;
Ariranha;   494 339;    57837,68;   559 901;    64878,40;   596 151;    68452,32;   568 953;    62556,65;;;;;
Artur Nogueira;   561 947;    12693,63;   657 200;    14596,02;   717 433;    15648,42;   798 659;    16494,41;;;;;
Arujá;  1 964 058;    26251,15;  2 117 641;    27822,70;  2 307 502;    29859,37;  2 874 464;    35344,96;;;;;
Aspásia;   14 903;    8238,49;   19 426;    10756,41;   21 810;    12103,29;   20 498;    11055,89;;;;;
Assis;  1 983 695;    20846,77;  1 941 324;    20274,92;  2 288 689;    23757,36;  2 495 698;    24906,17;;;;;
Atibaia;  3 608 859;    28502,84;  4 173 526;    32662,32;  4 330 582;    33592,80;  4 701 014;    34934,38;;;;;
Auriflama;   167 302;    11777,67;   199 305;    13981,39;   221 047;    15450,28;   226 549;    15275,37;;;;;
Avaí;   114 947;    23179,57;   152 559;    30591,33;   143 288;    28577,62;   223 063;    42814,38;;;;;
Avanhandava;   147 308;    13023,46;   144 522;    12566,02;   161 282;    13802,52;   179 440;    14580,34;;;;;
Avaré;  1 191 750;    14369,68;  1 413 140;    16938,03;  1 668 573;    19885,27;  1 865 612;    21385,31;;;;;
Bady Bassitt;   228 833;    15668,16;   237 623;    16014,50;   244 938;    16258,76;   258 052;    16279,87;;;;;
Balbinos;   17 578;    4470,44;   22 539;    5800,13;   22 989;    5658,14;   33 460;    7548,00;;;;;
Bálsamo;   107 931;    13226,79;   127 922;    15556,58;   142 636;    17218,29;   148 462;    17201,04;;;;;
Bananal;   119 524;    11695,13;   124 542;    12135,02;   146 540;    14225,77;   147 697;    13829,29;;;;;
Barão de Antonina;   35 558;    11411,30;   42 935;    13669,33;   46 841;    14799,74;   54 272;    16460,89;;;;;
Barbosa;   62 942;    9546,72;   71 706;    10779,66;   80 972;    12071,02;   91 137;    13023,24;;;;;
Bariri;   626 661;    19829,15;   779 056;    24458,61;   803 881;    25041,46;   833 772;    24914,02;;;;;
Barra Bonita;   847 546;    24039,78;  1 040 372;    29532,54;   991 866;    28170,01;  1 044 725;    28772,37;;;;;
Barra do Chapéu;   25 720;    4912,10;   35 764;    6779,91;   34 097;    6427,29;   46 109;    8362,22;;;;;
Barra do Turvo;   52 389;    6778,26;   58 743;    7628,97;   62 304;    8120,90;   68 528;    8698,61;;;;;
Barretos;  2 467 443;    22010,70;  2 707 141;    24014,38;  3 089 894;    27262,65;  3 347 125;    28418,69;;;;;
Barrinha;   251 917;    8838,26;   286 389;    9935,09;   322 561;    11067,84;   366 719;    12021,21;;;;;
Barueri;  31 893 775;   1 32528,48;  35 818 250;   1 47253,56;  41 347 716;   1 68318,25;  44 118 662;   1 71831,09;;;;;
Bastos;   468 213;    22883,19;   468 114;    22907,48;   580 445;    28419,76;   695 311;    33014,13;;;;;
Batatais;   995 189;    17619,88;  1 111 595;    19540,06;  1 231 515;    21497,67;  1 386 157;    23236,62;;;;;
Bauru;  7 921 603;    23025,31;  8 784 550;    25383,22;  9 391 618;    26976,09;  10 491 175;    28976,18;;;;;
Bebedouro;  1 518 490;    20234,66;  1 859 481;    24775,90;  2 119 148;    28229,34;  2 331 611;    30090,36;;;;;
Bento de Abreu;   105 019;    39274,11;   109 968;    40789,30;   114 695;    42213,72;   99 641;    35196,47;;;;;
Bernardino de Campos;   112 428;    10432,26;   125 427;    11635,14;   146 600;    13594,21;   166 281;    14935,85;;;;;
Bertioga;  1 104 269;    23212,59;  1 599 214;    32639,02;  1 331 985;    26478,71;  1 519 278;    28303,03;;;;;
Bilac;   95 126;    13489,28;   103 665;    14555,62;   123 993;    17238,07;   138 198;    18379,83;;;;;
Birigui;  1 777 931;    16353,00;  2 077 736;    18916,71;  2 319 762;    20916,28;  2 584 674;    22301,28;;;;;
Biritiba-Mirim;   322 579;    11289,64;   372 202;    12889,21;   403 356;    13828,73;   569 093;    18663,68;;;;;
Boa Esperança do Sul;   118 163;    8651,54;   201 244;    14659,39;   230 655;    16705,65;   209 393;    14585,71;;;;;
Bocaina;   217 934;    20063,87;   286 676;    26137,49;   326 326;    29470,45;   342 640;    29619,61;;;;;
Bofete;   112 996;    12173,62;   136 928;    13983,69;   140 331;    14089,42;   167 009;    15899,58;;;;;
Boituva;  1 738 503;    35976,73;  2 102 009;    42563,71;  2 484 878;    49283,58;  2 494 395;    46684,41;;;;;
Bom Jesus dos Perdões;   242 019;    12283,38;   303 991;    15049,79;   351 585;    17006,13;   439 638;    20005,35;;;;;
Bom Sucesso de Itararé;   35 173;    9849,64;   43 765;    12163,61;   44 065;    12162,62;   50 577;    13408,41;;;;;
Borá;   60 752;    75468,70;   44 515;    55229,51;   72 393;    89706,55;   68 976;    82705,08;;;;;
Boracéia;   100 436;    23532,27;   123 695;    28706,29;   124 981;    28744,48;   138 569;    30521,77;;;;;
Borborema;   208 171;    14325,00;   230 404;    15746,57;   249 751;    16954,10;   274 819;    17921,02;;;;;
Borebi;   37 201;    16209,79;   49 781;    21448,26;   44 882;    19114,78;   43 426;    17667,10;;;;;
Botucatu;  2 971 328;    23328,32;  3 257 795;    25295,60;  3 420 171;    26268,39;  3 789 754;    27810,83;;;;;
Bragança Paulista;  3 156 171;    21519,88;  3 633 984;    24485,95;  3 995 639;    26633,51;  4 312 883;    27471,47;;;;;
Braúna;   52 152;    10386,76;   55 257;    10898,86;   62 320;    12176,69;   69 487;    13000,44;;;;;
Brejo Alegre;   132 887;    51646,54;   115 101;    44371,87;   130 917;    50082,86;   180 056;    66123,98;;;;;
Brodowski;   273 376;    12953,14;   334 014;    15599,40;   374 358;    17245,96;   441 221;    19354,36;;;;;
Brotas;   397 062;    18399,54;   467 805;    21471,74;   484 488;    22035,20;   527 251;    22964,88;;;;;
Buri;   213 610;    11505,44;   241 715;    12971,03;   227 841;    12180,73;   285 300;    14710,00;;;;;
Buritama;   263 262;    17074,97;   281 263;    18100,47;   305 607;    19521,35;   342 694;    21008,73;;;;;
Buritizal;   119 253;    29408,94;   194 262;    47578,20;   208 161;    50635,23;   251 011;    58661,06;;;;;
Cabrália Paulista;   97 581;    22355,26;   96 962;    22326,12;   95 298;    22049,42;   80 730;    18223,38;;;;;
Cabreúva;  1 457 833;    35007,89;  2 282 528;    54015,39;  3 070 532;    71592,54;  3 595 664;    79705,27;;;;;
Caçapava;  2 662 690;    31383,36;  3 010 409;    35244,92;  3 191 563;    37087,91;  3 393 999;    37850,73;;;;;
Cachoeira Paulista;   313 551;    10417,31;   352 822;    11639,29;   403 879;    13230,23;   465 340;    14637,47;;;;;
Caconde;   155 337;    8380,27;   158 387;    8537,90;   246 019;    13253,22;   199 549;    10543,65;;;;;
Cafelândia;   254 228;    15303,87;   273 190;    16388,14;   203 999;    12193,58;   320 580;    18481,49;;;;;
Caiabu;   53 132;    13048,19;   45 737;    11232,08;   45 123;    11081,31;   48 325;    11503,12;;;;;
Caieiras;  2 131 999;    24612,39;  2 184 299;    24905,35;  2 570 586;    28934,68;  2 815 657;    30206,05;;;;;
Caiuá;   55 528;    11019,64;   57 518;    11266,97;   64 847;    12550,20;   64 707;    11943,04;;;;;
Cajamar;  6 028 464;    94028,73;  6 948 784;   1 06676,25;  7 958 431;   1 20343,42;  8 728 427;   1 25437,27;;;;;
Cajati;   831 701;    29315,17;   917 780;    32422,36;   981 435;    34749,69;   945 802;    32547,64;;;;;
Cajobi;   92 084;    9435,81;   100 594;    10250,00;   96 610;    9800,16;   113 108;    11054,34;;;;;
Cajuru;   303 709;    12991,23;   318 903;    13529,46;   398 796;    16782,21;   444 123;    17920,46;;;;;
Campina do Monte Alegre;   80 098;    14388,02;   99 925;    17859,69;   85 940;    15286,36;   97 321;    16675,99;;;;;
Campinas;  36 616 377;    33872,72;  42 680 951;    39142,97;  46 657 727;    42469,01;  51 347 711;    44850,57;;;;;
Campo Limpo Paulista;  1 195 990;    16137,17;  1 397 733;    18669,05;  1 453 808;    19220,86;  1 521 943;    19242,93;;;;;
Campos do Jordão;   675 442;    14123,49;   754 509;    15698,99;   807 029;    16700,39;   909 456;    18109,08;;;;;
Campos Novos Paulista;   80 512;    17737,86;   92 187;    20185,57;   97 811;    21291,04;   112 634;    23583,40;;;;;
Cananéia;   430 224;    35189,25;   841 656;    68869,68;   444 315;    36371,54;   450 418;    35753,16;;;;;
Canas;   52 897;    12057,61;   87 252;    19629,30;   106 240;    23598,42;   129 777;    27483,43;;;;;
Cândido Mota;   461 101;    15415,76;   535 032;    17875,50;   624 958;    20848,60;   727 828;    23483,63;;;;;
Cândido Rodrigues;   50 310;    18856,80;   50 456;    18876,26;   56 696;    21178,75;   65 151;    23545,83;;;;;
Canitar;   94 125;    21543,84;   116 705;    26296,75;   97 756;    21704,32;   105 008;    22167,71;;;;;
Capão Bonito;   481 775;    10433,01;   503 896;    10921,96;   503 969;    10933,26;   583 819;    12288,34;;;;;
Capela do Alto;   149 998;    8555,16;   173 975;    9782,11;   182 923;    10146,06;   244 976;    12939,09;;;;;
Capivari;  1 095 333;    22550,24;  1 309 057;    26649,10;  1 435 072;    28903,77;  1 527 993;    29413,32;;;;;
Caraguatatuba;  1 551 471;    15376,47;  1 772 871;    17292,42;  2 143 315;    20579,12;  2 422 613;    22088,41;;;;;
Carapicuíba;  3 043 092;    8226,62;  3 478 959;    9364,58;  3 862 928;    10346,45;  4 437 172;    11442,26;;;;;
Cardoso;   117 306;    9942,86;   125 813;    10643,18;   169 759;    14342,56;   151 460;    12381,29;;;;;
Casa Branca;   440 958;    15574,93;   507 751;    17864,09;   496 344;    17394,22;   526 025;    17772,90;;;;;
Cássia dos Coqueiros;   58 853;    22403,24;   65 199;    24923,35;   79 108;    30437,71;   84 338;    31741,82;;;;;
Castilho;   340 702;    18921,58;   386 176;    21174,23;   419 944;    22742,71;   454 025;    23451,69;;;;;
Catanduva;  2 388 189;    21163,82;  2 788 724;    24601,47;  3 050 428;    26787,98;  3 240 081;    27409,77;;;;;
Catiguá;   85 897;    12052,40;   85 459;    11917,34;   99 151;    13744,19;   108 429;    14453,40;;;;;
Cedral;   131 251;    16472,30;   167 788;    20791,61;   188 521;    23088,97;   238 343;    27866,55;;;;;
Cerqueira César;   280 183;    15981,21;   319 683;    18044,85;   383 566;    21436,67;   446 539;    23875,25;;;;;
Cerquilho;  1 179 767;    29755,27;  1 373 121;    33994,04;  1 428 374;    34716,46;  1 471 019;    33837,53;;;;;
Cesário Lange;   210 293;    13526,26;   229 777;    14594,58;   250 573;    15717,79;   272 322;    16290,13;;;;;
Charqueada;   264 788;    17551,88;   287 295;    18847,66;   235 380;    15289,36;   237 903;    14783,93;;;;;
Chavantes;   161 263;    13312,11;   163 482;    13501,94;   198 816;    16428,35;   211 685;    16961,94;;;;;
Clementina;   176 960;    25051,01;   165 724;    23039,60;   84 989;    11616,93;   160 003;    20733,79;;;;;
Colina;   519 530;    29904,47;   576 999;    33111,41;   652 707;    37344,50;   642 069;    35459,74;;;;;
Colômbia;   223 428;    37275,28;   209 764;    34972,33;   217 335;    36216,53;   222 513;    35912,34;;;;;
Conchal;   341 481;    13528,27;   371 250;    14601,76;   426 680;    16657,42;   499 992;    18734,03;;;;;
Conchas;   207 253;    12713,37;   215 499;    13144,19;   240 724;    14591,96;   259 832;    15139,99;;;;;
Cordeirópolis;  1 801 544;    85441,97;  2 032 861;    95224,89;  2 151 904;    99592,91;  2 274 597;   1 00432,56;;;;;
Coroados;   82 572;    15764,05;   84 751;    15984,70;   90 645;    16904,99;   100 208;    17846,43;;;;;
Coronel Macedo;   38 018;    7602,00;   46 533;    9389,17;   55 178;    11231,06;   55 199;    11019,97;;;;;
Corumbataí;   98 593;    25449,81;   111 766;    28798,33;   118 601;    30512,34;   143 503;    35715,08;;;;;
Cosmópolis;   899 379;    15290,10;   995 148;    16602,96;  1 088 730;    17844,24;  1 229 257;    19083,40;;;;;
Cosmorama;   194 788;    27001,33;   223 916;    31090,74;   214 990;    29897,15;   222 968;    30114,47;;;;;
Cotia;  7 010 809;    34875,66;  8 268 652;    40304,61;  9 011 507;    43111,69;  9 883 959;    44735,74;;;;;
Cravinhos;   634 393;    20019,97;   725 765;    22720,63;   806 189;    25047,05;   955 636;    28489,89;;;;;
Cristais Paulista;   121 261;    15974,29;   102 333;    13348,88;   163 398;    21108,08;   133 406;    16492,28;;;;;
Cruzália;   38 838;    17109,44;   51 149;    22742,81;   58 533;    26318,75;   70 786;    31321,31;;;;;
Cruzeiro;  1 457 412;    18910,24;  1 624 182;    21008,15;  1 530 635;    19731,04;  1 925 412;    23945,53;;;;;
Cubatão;  8 759 369;    73733,93;  7 910 341;    66184,25;  7 240 647;    60191,76;  7 722 280;    61690,39;;;;;
Cunha;   111 543;    5099,34;   120 355;    5527,71;   139 974;    6455,78;   167 291;    7518,35;;;;;
Descalvado;   741 886;    23890,95;   909 010;    29116,27;   954 205;    30409,04;  1 056 514;    32413,37;;;;;
Diadema;  10 931 728;    28317,68;  11 978 356;    30826,29;  12 321 425;    31514,21;  13 428 069;    33015,67;;;;;
Dirce Reis;   24 290;    14381,28;   26 204;    15459,52;   34 766;    20462,45;   42 997;    24430,19;;;;;
Divinolândia;   114 169;    10185,46;   130 046;    11667,46;   188 314;    16986,66;   206 323;    17780,32;;;;;
Dobrada;   57 416;    7230,28;   57 957;    7234,70;   63 794;    7895,28;   81 632;    9681,23;;;;;
Dois Córregos;   401 836;    16223,99;   511 763;    20525,53;   540 370;    21528,69;   523 836;    20050,38;;;;;
Dolcinópolis;   22 688;    10824,57;   24 451;    11687,77;   28 213;    13512,07;   31 653;    14735,86;;;;;
Dourado;   125 527;    14584,31;   153 455;    17822,90;   199 007;    23113,48;   248 081;    27924,50;;;;;
Dracena;   665 866;    15391,12;   741 114;    17048,85;   834 545;    19108,08;   956 944;    21103,16;;;;;
Duartina;   122 090;    9965,72;   142 219;    11624,87;   157 954;    12928,01;   182 096;    14469,25;;;;;
Dumont;   103 883;    12757,37;   123 441;    14901,17;   149 601;    17765,29;   161 693;    18220,93;;;;;
Echaporã;   77 854;    12322,50;   92 311;    14701,57;   95 308;    15268,75;   113 150;    17710,20;;;;;
Eldorado;   187 673;    12814,81;   174 842;    11910,22;   214 072;    14544,90;   106 389;    6981,79;;;;;
Elias Fausto;   434 825;    27527,54;   431 120;    27080,40;   434 023;    27025,06;   478 003;    28517,08;;;;;
Elisiário;   40 771;    13067,58;   42 638;    13484,58;   51 302;    16021,96;   55 025;    16381,50;;;;;
Embaúba;   32 451;    13392,88;   34 989;    14464,32;   31 498;    13042,58;   37 769;    15192,51;;;;;
Embu das Artes;  4 893 617;    20389,48;  5 867 449;    24172,74;  6 781 516;    27662,95;  8 106 457;    31635,32;;;;;
Embu-Guaçu;   629 580;    10017,82;   708 392;    11205,37;   767 434;    12056,53;   866 632;    13076,70;;;;;
Emilianópolis;   36 530;    12080,06;   37 865;    12496,72;   41 412;    13622,39;   42 537;    13508,09;;;;;
Engenheiro Coelho;   288 150;    18331,30;   344 091;    21295,39;   365 320;    22033,75;   351 645;    19888,28;;;;;
Espírito Santo do Pinhal;   872 230;    20807,51;   993 758;    23651,33;  1 152 891;    27369,64;  1 238 170;    28391,23;;;;;
Espírito Santo do Turvo;   76 426;    17999,48;   69 773;    16271,58;   63 642;    14697,84;   74 098;    16375,21;;;;;
Estiva Gerbi;   188 650;    18782,38;   203 216;    20048,97;   184 049;    18001,66;   207 827;    19479,56;;;;;
Estrela d'Oeste;   266 005;    32408,05;   264 752;    32267,10;   370 072;    45125,22;   427 714;    50569,15;;;;;
Estrela do Norte;   35 363;    13289,25;   38 637;    14519,77;   40 272;    15122,69;   41 533;    15092,05;;;;;
Euclides da Cunha Paulista;   54 905;    5728,24;   64 794;    6793,92;   75 858;    7992,61;   96 483;    9917,04;;;;;
Fartura;   162 388;    10596,96;   172 858;    11265,50;   205 539;    13375,33;   238 190;    14990,88;;;;;
Fernando Prestes;   84 379;    15247,45;   102 874;    18562,67;   112 132;    20203,95;   133 840;    23333,29;;;;;
Fernandópolis;  1 055 334;    16309,42;  1 151 083;    17727,78;  1 330 375;    20417,99;  1 527 018;    22608,09;;;;;
Fernão;   23 237;    14866,92;   24 804;    15758,43;   26 574;    16787,27;   35 072;    21307,25;;;;;
Ferraz de Vasconcelos;  2 150 444;    12778,21;  2 371 368;    13924,89;  2 510 777;    14578,72;  2 592 684;    14377,76;;;;;
Flora Rica;   21 344;    12182,90;   21 628;    12574,21;   28 666;    16982,48;   35 014;    20608,42;;;;;
Floreal;   40 384;    13447,82;   53 176;    17802,41;   51 307;    17275,06;   54 879;    18040,34;;;;;
Flórida Paulista;   140 313;    10920,17;   141 954;    10934,66;   162 458;    12390,01;   180 945;    13203,81;;;;;
Florínia;   79 410;    28069,88;   99 682;    35512,07;   102 707;    36878,61;   110 178;    38754,28;;;;;
Franca;  5 049 074;    15838,49;  5 944 181;    18517,00;  6 693 389;    20702,89;  7 342 433;    21804,85;;;;;
Francisco Morato;   855 991;    5539,03;   978 883;    6272,32;  1 064 270;    6752,86;  1 221 496;    7415,68;;;;;
Franco da Rocha;  1 598 037;    12142,86;  1 785 285;    13382,24;  1 960 543;    14506,42;  2 326 997;    16407,64;;;;;
Gabriel Monteiro;   35 443;    13102,64;   37 636;    13903,21;   40 423;    14938,28;   42 538;    15246,74;;;;;
Gália;   78 569;    11206,49;   79 205;    11401,34;   92 175;    13389,78;   92 076;    13118,16;;;;;
Garça;   700 076;    16234,03;   737 814;    17113,89;   853 115;    19790,18;   889 110;    19989,44;;;;;
Gastão Vidigal;   38 031;    9070,01;   40 641;    9585,05;   47 295;    11037,29;   50 652;    11301,23;;;;;
Gavião Peixoto;   63 333;    14328,73;   59 985;    13504,02;   83 310;    18662,67;   99 961;    21566,50;;;;;
General Salgado;   172 339;    16145,69;   229 446;    21528,10;   245 187;    23030,90;   291 695;    26590,23;;;;;
Getulina;   145 848;    13533,28;   142 529;    13202,01;   84 898;    7842,79;   166 498;    14853,96;;;;;
Glicério;   58 543;    12790,62;   61 223;    13379,26;   73 813;    16095,25;   81 814;    17242,08;;;;;
Guaiçara;   127 283;    11927,92;   116 798;    10832,65;   108 566;    9968,44;   148 745;    13065,01;;;;;
Guaimbê;   54 478;    10041,96;   55 300;    10161,62;   45 120;    8266,74;   60 291;    10663,39;;;;;
Guaíra;  1 063 554;    28428,16;  1 150 599;    30585,59;  1 256 853;    33227,23;  1 564 447;    39793,63;;;;;
Guapiaçu;   238 995;    13362,86;   275 171;    15152,61;   294 489;    15969,23;   325 998;    16796,25;;;;;
Guapiara;   191 701;    10657,14;   212 637;    11901,77;   206 135;    11621,07;   339 191;    18709,88;;;;;
Guará;   281 041;    14148,28;   315 542;    15831,73;   395 617;    19779,88;   396 570;    19127,47;;;;;
Guaraçaí;   123 699;    14664,97;   177 852;    21172,87;   190 996;    22830,04;   181 560;    21146,09;;;;;
Guaraci;   189 919;    19037,56;   209 735;    20842,15;   205 761;    20277,97;   223 785;    21143,70;;;;;
Guarani d'Oeste;   17 638;    8957,70;   18 880;    9593,69;   24 212;    12321,75;   25 539;    12624,12;;;;;
Guarantã;   102 805;    16063,30;   101 398;    15816,21;   87 289;    13602,70;   113 643;    17143,27;;;;;
Guararapes;   585 798;    19143,73;   639 308;    20802,68;   698 327;    22627,40;   709 832;    22166,32;;;;;
Guararema;  1 137 113;    43970,17;  1 290 677;    49362,33;  1 305 379;    49373,25;  1 686 845;    60943,13;;;;;
Guaratinguetá;  2 877 329;    25669,58;  3 045 635;    27030,27;  3 408 988;    30099,32;  4 120 223;    35017,15;;;;;
Guareí;   145 612;    9995,35;   171 480;    11507,95;   165 524;    10871,88;   194 910;    12069,50;;;;;
Guariba;   629 917;    17748,64;   661 785;    18473,22;   675 939;    18697,65;   720 266;    19081,41;;;;;
Guarujá;  4 486 324;    15437,77;  5 064 750;    17300,95;  5 744 061;    19493,26;  6 746 390;    21997,93;;;;;
Guarulhos;  36 796 447;    30102,86;  40 340 068;    32705,44;  44 035 618;    35383,67;  49 392 842;    38016,46;;;;;
Guatapará;   136 019;    19526,17;   118 187;    16854,90;   101 282;    14354,00;   206 621;    28146,21;;;;;
Guzolândia;   43 414;    9132,18;   50 236;    10487,68;   46 782;    9697,67;   50 179;    9989,89;;;;;
Herculândia;   117 387;    13498,96;   141 512;    16170,95;   164 096;    18640,96;   179 962;    19659,35;;;;;
Holambra;   411 885;    36475,85;   475 051;    40906,80;   540 850;    45384,72;   603 033;    47456,78;;;;;
Hortolândia;  8 907 167;    46337,19;  9 242 091;    47207,47;  8 443 107;    42479,33;  9 202 710;    44002,84;;;;;
Iacanga;   235 188;    23495,26;   360 974;    35577,97;   386 101;    37576,74;   435 518;    40415,53;;;;;
Iacri;   90 868;    14156,02;   97 174;    15202,37;   108 581;    17059,00;   122 164;    18708,07;;;;;
Iaras;   76 490;    11994,63;   70 837;    10682,69;   65 125;    9468,53;   82 957;    11163,66;;;;;
Ibaté;   431 256;    14036,45;   524 420;    16883,01;   492 595;    15697,74;   550 441;    16776,62;;;;;
Ibirá;   114 883;    10570,79;   128 730;    11694,20;   155 684;    14006,69;   183 779;    15822,59;;;;;
Ibirarema;   138 255;    20558,36;   166 578;    24482,41;   137 302;    19956,73;   158 688;    22030,85;;;;;
Ibitinga;   784 529;    14756,21;   884 392;    16481,40;   981 620;    18129,13;  1 051 386;    18598,40;;;;;
Ibiúna;   788 084;    11064,25;   883 557;    12315,75;  1 047 843;    14503,21;  1 252 456;    16645,93;;;;;
Icém;   114 936;    15402,84;   114 489;    15234,78;   130 294;    17218,65;   153 612;    19501,29;;;;;
Iepê;   109 995;    14421,75;   133 216;    17397,88;   161 340;    20994,20;   161 412;    20262,58;;;;;
Igaraçu do Tietê;   182 197;    7796,19;   200 256;    8550,65;   213 092;    9077,39;   248 571;    10229,66;;;;;
Igarapava;   613 390;    21938,14;   742 137;    26403,05;   865 014;    30610,21;  1 007 773;    34318,84;;;;;
Igaratá;   97 725;    11073,60;   115 116;    12973,73;   123 311;    13835,00;   144 875;    15660,49;;;;;
Iguape;   256 876;    8905,69;   822 890;    28424,53;  1 111 832;    38266,47;  1 330 439;    44165,41;;;;;
Ilha Comprida;   88 632;    9818,59;   94 202;    10234,92;  1 399 690;   1 49284,30;  2 404 137;   2 42646,02;;;;;
Ilha Solteira;   320 260;    12774,11;   384 814;    15303,18;   442 150;    17527,57;   460 622;    17622,68;;;;;
Ilhabela;   376 015;    13345,22;   833 300;    28973,28;  1 162 045;    39649,40;  3 256 712;   1 05112,86;;;;;
Indaiatuba;  7 624 896;    37775,43;  8 135 157;    39527,89;  9 156 429;    43631,34;  10 303 802;    46404,74;;;;;
Indiana;   39 519;    8185,39;   41 246;    8562,66;   44 264;    9204,34;   50 827;    10265,94;;;;;
Indiaporã;   47 657;    12200,89;   47 466;    12195,79;   56 358;    14525,20;   61 142;    15331,44;;;;;
Inúbia Paulista;   76 986;    21208,23;   84 402;    23098,59;   99 767;    27125,46;   111 667;    29186,44;;;;;
Ipaussu;   236 091;    17175,23;   221 175;    16086,63;   275 351;    19908,27;   300 416;    20886,88;;;;;
Iperó;   318 005;    11236,53;   368 407;    12676,59;   361 017;    12115,47;   412 405;    12991,17;;;;;
Ipeúna;   197 468;    32823,78;   176 788;    28769,35;   193 881;    30921,94;   547 415;    82466,86;;;;;
Ipiguá;   49 087;    11008,53;   47 106;    10377,98;   51 015;    11058,89;   59 585;    12265,33;;;;;
Iporanga;   23 553;    5474,89;   25 768;    6022,03;   28 799;    6760,44;   37 258;    8527,80;;;;;
Ipuã;   210 044;    14848,32;   266 869;    18632,23;   278 697;    19231,09;   280 645;    18482,93;;;;;
Iracemápolis;   392 612;    19584,59;   449 476;    22062,36;   480 139;    23189,51;   551 599;    25285,29;;;;;
Irapuã;   71 355;    9796,11;   77 496;    10582,53;   85 207;    11562,91;   94 833;    12370,59;;;;;
Irapuru;   65 737;    8441,94;   71 877;    9197,34;   67 610;    8623,72;   70 732;    8707,62;;;;;
Itaberá;   204 855;    11469,39;   201 769;    11349,36;   313 239;    17698,14;   310 988;    17126,78;;;;;
Itaí;   314 802;    13108,55;   354 257;    14616,99;   407 723;    16671,01;   463 200;    18139,79;;;;;
Itajobi;   240 652;    16536,22;   253 528;    17386,39;   301 403;    20635,55;   392 941;    26015,69;;;;;
Itaju;   46 704;    14313,34;   60 095;    18249,34;   53 191;    15935,01;   50 597;    14435,59;;;;;
Itanhaém;   845 813;    9716,07;   941 580;    10673,81;  1 094 204;    12248,74;  1 306 101;    13939,78;;;;;
Itaóca;   18 863;    5843,68;   24 685;    7644,77;   25 879;    8014,50;   30 328;    9101,94;;;;;
Itapecerica da Serra;  2 847 785;    18688,70;  3 172 936;    20553,56;  3 117 805;    19976,07;  3 138 820;    19213,78;;;;;
Itapetininga;  2 510 806;    17385,93;  2 885 124;    19785,24;  3 045 295;    20685,48;  3 443 714;    22389,40;;;;;
Itapeva;  1 150 393;    13107,65;  1 298 494;    14734,01;  1 452 737;    16416,78;  1 740 298;    18956,05;;;;;
Itapevi;  5 718 598;    28468,58;  6 511 223;    31962,89;  7 821 246;    37864,65;  8 506 280;    39198,54;;;;;
Itapira;  1 902 593;    27829,93;  2 146 997;    31145,69;  2 401 930;    34651,38;  2 665 923;    37002,05;;;;;
Itapirapuã Paulista;   19 662;    5062,40;   21 855;    5598,13;   24 908;    6344,26;   26 979;    6610,79;;;;;
Itápolis;   919 872;    22960,07;  1 077 488;    26784,53;  1 211 936;    29999,16;  1 190 554;    28400,62;;;;;
Itaporanga;   114 448;    7868,04;   131 178;    9007,02;   150 937;    10353,03;   169 862;    11276,04;;;;;
Itapuí;   343 491;    28198,93;   416 092;    33795,64;   487 205;    39145,52;   503 132;    38634,14;;;;;
Itapura;   56 121;    12871,76;   79 659;    18116,60;   65 500;    14765,62;   68 816;    14866,25;;;;;
Itaquaquecetuba;  3 301 661;    10258,26;  3 807 396;    11696,42;  4 232 387;    12858,77;  5 060 802;    14687,81;;;;;
Itararé;   488 302;    10185,91;   531 121;    11055,80;   587 566;    12204,61;   685 033;    13750,70;;;;;
Itariri;   111 467;    7204,93;   121 385;    7774,12;   134 532;    8540,62;   190 146;    11565,37;;;;;
Itatiba;  3 381 243;    33329,15;  3 788 494;    36771,50;  3 920 532;    37505,21;  4 483 242;    40791,23;;;;;
Itatinga;   180 034;    9973,08;   200 317;    10974,49;   194 964;    10569,47;   202 795;    10509,14;;;;;
Itirapina;   355 885;    22918,92;   327 624;    20826,68;   293 612;    18431,41;   315 173;    18862,50;;;;;
Itirapuã;   44 276;    7486,71;   46 376;    7790,32;   70 051;    11694,74;   65 377;    10490,57;;;;;
Itobi;   53 755;    7124,58;   61 055;    8083,56;   79 048;    10457,50;   87 571;    11216,97;;;;;
Itu;  4 415 164;    28632,71;  5 506 803;    35393,27;  5 733 776;    36524,82;  6 660 940;    40644,73;;;;;
Itupeva;  2 330 251;    51985,52;  2 442 222;    52754,60;  2 681 423;    56235,53;  3 102 671;    60739,03;;;;;
Ituverava;   613 717;    15858,74;   729 354;    18758,14;   849 967;    21759,43;   996 474;    24572,73;;;;;
Jaborandi;   101 748;    15435,13;   92 700;    14034,83;   102 734;    15523,46;   115 036;    16803,36;;;;;
Jaboticabal;  1 577 099;    22005,92;  1 830 209;    25423,45;  1 990 622;    27530,90;  2 054 316;    27375,91;;;;;
Jacareí;  6 646 574;    31454,43;  7 273 463;    34188,80;  7 643 725;    35681,16;  8 290 851;    37168,04;;;;;
Jaci;   231 507;    40923,97;   263 520;    45623,19;   300 817;    51072,45;   303 539;    48698,65;;;;;
Jacupiranga;   273 295;    15892,94;   249 526;    14489,62;   291 494;    16913,88;   282 354;    15861,70;;;;;
Jaguariúna;  4 774 198;   1 07694,34;  4 835 435;   1 06411,28;  4 516 950;    97069,82;  6 163 748;   1 24527,70;;;;;
Jales;   722 371;    15365,68;   782 011;    16611,67;   897 416;    19038,46;  1 022 394;    20983,37;;;;;
Jambeiro;   201 034;    37576,47;   225 169;    41285,17;   258 902;    46615,34;   289 512;    49337,34;;;;;
Jandira;  2 177 168;    20077,91;  2 422 964;    22104,51;  2 609 425;    23541,84;  2 907 439;    25055,27;;;;;
Jardinópolis;   523 306;    13871,60;   580 072;    15187,53;   688 701;    17792,22;   776 184;    19099,01;;;;;
Jarinu;   573 103;    24052,67;   748 357;    30708,12;   866 162;    34820,58;  1 188 120;    45084,79;;;;;
Jaú;  2 351 803;    17943,38;  2 757 261;    20810,46;  3 031 800;    22642,27;  3 317 903;    23686,28;;;;;
Jeriquara;   44 609;    14081,07;   40 896;    12978,80;   59 026;    18786,10;   69 376;    21478,56;;;;;
Joanópolis;   100 285;    8519,65;   114 134;    9612,91;   126 342;    10551,34;   150 060;    12012,52;;;;;
João Ramalho;   84 858;    20507,05;   105 032;    25163,44;   102 269;    24367,21;   127 284;    29186,81;;;;;
José Bonifácio;   686 164;    20936,23;   806 011;    24369,93;   941 017;    28195,25;  1 058 441;    30374,83;;;;;
Júlio Mesquita;   30 157;    6807,52;   35 357;    7943,56;   34 799;    7784,94;   37 915;    8172,99;;;;;
Jumirim;   42 398;    15136,91;   50 858;    17876,19;   59 498;    20594,74;   63 925;    21013,99;;;;;
Jundiaí;  23 855 396;    64430,33;  27 666 707;    74031,96;  32 627 829;    86503,98;  36 622 896;    92970,39;;;;;
Junqueirópolis;   343 497;    18343,32;   349 808;    18548,58;   388 606;    20468,03;   456 429;    23092,81;;;;;
Juquiá;   213 109;    11059,71;   195 427;    10205,60;   244 380;    12825,00;   219 402;    11231,21;;;;;
Juquitiba;   303 587;    10566,15;   332 684;    11506,78;   362 423;    12462,55;   419 064;    13858,41;;;;;
Lagoinha;   39 944;    8252,99;   35 767;    7400,55;   40 454;    8386,03;   46 034;    9269,78;;;;;
Laranjal Paulista;   559 864;    22176,33;   611 992;    24009,09;   664 268;    25825,89;   695 440;    25898,02;;;;;
Lavínia;   97 080;    11054,41;   124 676;    13761,12;   118 025;    12650,09;   126 442;    12650,53;;;;;
Lavrinhas;   78 149;    11865,88;   85 072;    12821,77;   94 764;    14190,50;   102 436;    14739,01;;;;;
Leme;  1 645 110;    17919,81;  1 904 480;    20566,51;  2 125 316;    22750,85;  2 307 965;    23670,23;;;;;
Lençóis Paulista;  1 592 844;    25919,29;  1 840 298;    29721,05;  1 942 663;    31135,91;  2 151 298;    33083,65;;;;;
Limeira;  7 431 037;    26923,07;  8 378 257;    30127,54;  9 220 273;    32918,26;  10 392 186;    35620,42;;;;;
Lindóia;   69 294;    10330,00;   80 691;    11841,95;   97 346;    14083,60;   115 567;    15907,43;;;;;
Lins;  2 314 613;    32375,37;  2 384 174;    33181,28;  2 577 949;    35676,02;  2 853 763;    37990,91;;;;;
Lorena;  1 336 862;    16193,98;  1 420 310;    17135,50;  1 546 889;    18587,06;  1 630 272;    18882,66;;;;;
Lourdes;   28 255;    13309,07;   29 266;    13688,63;   29 469;    13725,74;   31 009;    13924,29;;;;;
Louveira;  7 437 541;   2 00186,83;  8 993 793;   2 35809,98;  10 036 499;   2 56543,61;  11 598 657;   2 78145,26;;;;;
Lucélia;   264 315;    13292,20;   277 470;    13871,41;   302 161;    15018,70;   328 019;    15681,19;;;;;
Lucianópolis;   23 462;    10404,46;   26 451;    11719,56;   28 401;    12544,68;   32 676;    13934,39;;;;;
Luís Antônio;   788 118;    69831,45;   887 486;    76487,65;  1 048 159;    88006,61;  1 048 118;    82502,96;;;;;
Luiziânia;   39 417;    7836,46;   45 277;    8897,13;   53 683;    10433,94;   54 100;    10048,33;;;;;
Lupércio;   36 857;    8467,14;   36 785;    8431,07;   48 095;    11000,77;   42 916;    9488,40;;;;;
Lutécia;   43 694;    16165,03;   46 609;    17262,47;   59 318;    22075,78;   72 788;    26430,09;;;;;
Macatuba;   349 568;    21517,15;   408 360;    25055,83;   407 620;    24952,24;   451 278;    26688,61;;;;;
Macaubal;   97 266;    12692,95;   101 854;    13253,66;   127 963;    16607,75;   127 506;    15982,16;;;;;
Macedônia;   51 978;    14186,06;   41 511;    11351,04;   50 275;    13774,02;   51 352;    13672,04;;;;;
Magda;   47 983;    14994,59;   65 916;    20702,11;   62 029;    19586,17;   70 683;    21775,56;;;;;
Mairinque;  1 168 680;    27037,13;  1 413 760;    32520,40;  1 571 587;    35951,57;  1 503 794;    33096,97;;;;;
Mairiporã;  1 134 607;    14021,34;  1 245 665;    15088,73;  1 303 822;    15502,49;  1 454 761;    16367,14;;;;;
Manduri;   71 684;    7965,82;   89 052;    9842,16;   99 662;    10950,69;   146 371;    15466,08;;;;;
Marabá Paulista;   92 840;    19293,40;   112 995;    23069,71;   108 430;    21768,67;   98 019;    18666,66;;;;;
Maracaí;   318 393;    23860,39;   463 812;    34721,65;   402 445;    30073,63;   413 866;    29899,32;;;;;
Marapoama;   70 937;    26941,50;   78 403;    29430,59;   87 538;    32505,84;   133 100;    47232,01;;;;;
Mariápolis;   42 036;    10734,32;   32 250;    8225,06;   36 977;    9418,39;   52 493;    12938,91;;;;;
Marília;  4 399 401;    20303,30;  4 900 190;    22454,35;  5 591 596;    25455,22;  8 514 175;    37241,93;;;;;
Marinópolis;   20 324;    9618,47;   19 796;    9395,56;   22 050;    10495,05;   24 098;    11156,62;;;;;
Martinópolis;   256 756;    10583,51;   331 601;    13610,83;   379 446;    15486,33;   387 813;    15224,47;;;;;
Matão;  2 126 847;    27693,69;  2 430 393;    31492,79;  2 979 554;    38423,06;  3 148 970;    39104,04;;;;;
Mauá;  9 491 250;    22745,46;  9 920 338;    23553,45;  9 185 135;    21603,49;  10 220 780;    23012,73;;;;;
Mendonça;   115 787;    24954,16;   140 590;    29861,96;   164 409;    34438,49;   168 668;    33639,32;;;;;
Meridiano;   100 243;    26030,50;   124 098;    32300,42;   124 971;    32629,47;   210 404;    53483,56;;;;;
Mesópolis;   48 944;    25951,42;   43 204;    22944,33;   41 603;    22129,31;   40 454;    20906,59;;;;;
Miguelópolis;   360 026;    17612,09;   420 982;    20474,78;   476 310;    23045,78;   536 465;    24985,58;;;;;
Mineiros do Tietê;   99 826;    8289,81;   119 161;    9858,58;   122 984;    10136,35;   135 835;    10795,16;;;;;
Mira Estrela;   28 116;    9945,66;   32 249;    11363,30;   33 842;    11857,88;   39 009;    13143,12;;;;;
Miracatu;   389 150;    18895,36;   344 867;    16859,77;   313 295;    15416,53;   442 187;    21269,23;;;;;
Mirandópolis;   327 318;    11913,29;   394 486;    14291,94;   452 068;    16310,14;   520 056;    18083,86;;;;;
Mirante do Paranapanema;   180 167;    10558,32;   211 428;    12346,87;   278 103;    16181,03;   299 118;    16785,54;;;;;
Mirassol;  1 006 962;    18713,63;  1 135 678;    20948,83;  1 309 400;    23973,78;  1 456 296;    25589,46;;;;;
Mirassolândia;   50 214;    11691,18;   50 341;    11604,61;   59 918;    13682,95;   62 858;    13742,52;;;;;
Mococa;  1 124 902;    16966,09;  1 252 481;    18878,31;  1 464 155;    22050,87;  1 709 115;    24917,85;;;;;
Mogi das Cruzes;  9 454 019;    24413,79;  10 338 885;    26361,53;  11 291 957;    28481,38;  12 917 527;    31133,55;;;;;
Mogi Guaçu;  3 568 767;    25995,13;  3 998 275;    28921,66;  4 417 904;    31735,30;  4 658 690;    32137,10;;;;;
Moji Mirim;  2 623 156;    30415,51;  2 906 429;    33448,75;  3 090 648;    35416,41;  3 390 654;    37441,80;;;;;
Mombuca;   43 793;    13408,86;   46 298;    14119,61;   55 031;    16721,60;   59 971;    17581,56;;;;;
Monções;   59 177;    27730,74;   46 062;    21544,55;   71 185;    33201,91;   52 467;    23644,55;;;;;
Mongaguá;   439 841;    9497,76;   497 544;    10551,69;   581 863;    12126,18;   692 371;    13672,13;;;;;
Monte Alegre do Sul;   123 497;    17277,20;   148 881;    20632,04;   152 936;    21013,47;   149 606;    19703,13;;;;;
Monte Alto;   989 970;    21222,59;  1 093 359;    23324,99;  1 289 001;    27367,33;  1 404 269;    28713,04;;;;;
Monte Aprazível;   397 776;    18290,22;   423 603;    19252,92;   490 677;    22052,92;   540 062;    23184,59;;;;;
Monte Azul Paulista;   299 825;    15837,76;   315 066;    16684,26;   385 979;    20489,40;   415 138;    21425,39;;;;;
Monte Castelo;   58 909;    14498,88;   57 947;    14265,63;   67 556;    16639,39;   72 251;    17256,11;;;;;
Monte Mor;  1 951 513;    39850,38;  2 337 788;    46904,92;  2 651 703;    52299,77;  2 777 872;    51934,49;;;;;
Monteiro Lobato;   39 813;    9656,27;   38 971;    9370,39;   43 115;    10272,89;   50 560;    11540,71;;;;;
Morro Agudo;   746 017;    25612,55;   827 543;    28147,74;   949 738;    32006,79;  1 038 242;    33501,40;;;;;
Morungaba;   330 295;    28050,52;   354 712;    29777,68;   370 876;    30778,08;   405 855;    32157,11;;;;;
Motuca;   70 331;    16394,22;   72 763;    16831,50;   63 454;    14573,69;   65 945;    14544,61;;;;;
Murutinga do Sul;   43 765;    10455,14;   45 930;    10927,98;   49 702;    11780,49;   52 437;    11985,66;;;;;
Nantes;   66 289;    24487,90;   71 789;    26190,98;   82 965;    29908,04;   77 684;    26741,46;;;;;
Narandiba;   156 959;    36595,74;   218 375;    50433,09;   188 938;    43225,41;   209 529;    45909,14;;;;;
Natividade da Serra;   46 299;    6930,00;   49 919;    7498,73;   47 836;    7207,52;   53 988;    7914,92;;;;;
Nazaré Paulista;   211 497;    12885,94;   215 765;    13022,97;   243 788;    14583,24;   291 184;    16685,81;;;;;
Neves Paulista;   139 982;    15948,75;   152 165;    17366,47;   142 219;    16249,90;   149 328;    16560,75;;;;;
Nhandeara;   179 510;    16737,51;   209 196;    19431,16;   231 615;    21433,91;   233 578;    20849,57;;;;;
Nipoã;   65 242;    15264,94;   74 486;    17115,44;   75 484;    17050,77;   76 285;    16338,53;;;;;
Nova Aliança;   65 382;    11098,63;   76 237;    12752,89;   80 192;    13230,77;   86 375;    13566,11;;;;;
Nova Campina;   197 835;    23233,70;   301 277;    34995,54;   296 487;    34079,01;   336 120;    36936,23;;;;;
Nova Canaã Paulista;   22 588;    10684,72;   24 243;    11621,95;   23 451;    11389,56;   26 175;    12541,83;;;;;
Nova Castilho;   27 688;    24567,51;   30 388;    26749,93;   28 813;    25142,33;   32 377;    27093,43;;;;;
Nova Europa;   185 748;    19970,74;   193 691;    20489,92;   264 938;    27594,78;   255 450;    25272,10;;;;;
Nova Granada;   217 871;    11360,46;   240 706;    12442,17;   274 882;    14091,48;   300 808;    14784,64;;;;;
Nova Guataporanga;   16 563;    7604,52;   17 653;    8083,10;   21 321;    9731,13;   25 984;    11446,70;;;;;
Nova Independência;   58 156;    18930,93;   72 138;    22929,95;   69 346;    21536,04;   76 053;    22218,16;;;;;
Nova Luzitânia;   27 765;    8069,00;   30 862;    8830,22;   32 140;    9063,78;   36 321;    9742,77;;;;;
Nova Odessa;  1 714 292;    33431,34;  1 977 175;    38062,11;  2 126 725;    40411,29;  2 404 550;    43537,81;;;;;
Novais;   40 888;    8898,30;   44 777;    9533,05;   52 852;    11013,09;   49 601;    9746,63;;;;;
Novo Horizonte;   614 481;    16783,58;   712 005;    19288,73;   777 750;    20894,90;   891 785;    22967,56;;;;;
Nuporanga;   292 134;    42853,76;   353 410;    51547,49;   378 858;    54954,73;   356 374;    49745,13;;;;;
Ocauçu;   50 859;    12216,96;   51 090;    12272,50;   57 933;    13916,05;   75 300;    17528,03;;;;;
Óleo;   30 755;    11505,92;   35 432;    13375,68;   39 201;    14933,75;   60 279;    22525,89;;;;;
Olímpia;  1 221 160;    24525,22;  1 289 089;    25611,72;  1 409 676;    27842,70;  1 478 177;    28075,54;;;;;
Onda Verde;   130 538;    33609,25;   129 664;    33069,24;   165 278;    41778,98;   191 649;    46426,57;;;;;
Oriente;   56 244;    9224,87;   62 087;    10144,94;   71 634;    11664,81;   81 444;    12793,64;;;;;
Orindiúva;   248 730;    43805,84;   281 301;    48567,14;   341 698;    57875,76;   338 269;    54174,99;;;;;
Orlândia;  1 024 669;    25757,75;  1 114 269;    27807,37;  1 278 904;    31693,70;  1 406 290;    33467,16;;;;;
Osasco;  45 140 281;    67730,50;  48 926 663;    73262,59;  51 124 971;    76434,04;  55 515 707;    80265,37;;;;;
Oscar Bressane;   30 959;    12193,26;   40 790;    16084,35;   51 602;    20355,73;   56 566;    21639,59;;;;;
Osvaldo Cruz;   582 677;    18846,50;   656 474;    21166,33;   753 403;    24218,18;   771 353;    23933,51;;;;;
Ourinhos;  1 737 814;    16867,72;  1 966 660;    18957,77;  2 201 743;    21085,46;  2 498 015;    22986,31;;;;;
Ouro Verde;   75 545;    9692,77;   75 860;    9662,41;   93 829;    11878,56;   96 262;    11716,44;;;;;
Ouroeste;   536 772;    63855,84;   587 063;    68518,09;   646 735;    74124,32;   610 703;    66272,74;;;;;
Pacaembu;   115 577;    8935,88;   129 063;    9717,83;   138 259;    10369,69;   153 889;    11128,03;;;;;
Palestina;   219 093;    19823,80;   202 384;    18068,42;   213 818;    18845,21;   255 572;    21469,39;;;;;
Palmares Paulista;   76 689;    7011,27;   83 413;    7497,10;   93 631;    8277,12;   103 851;    8710,88;;;;;
Palmeira d'Oeste;   103 399;    10788,76;   106 278;    11154,29;   123 539;    13041,18;   129 776;    13379,02;;;;;
Palmital;   406 035;    19101,23;   440 549;    20757,11;   464 223;    21835,53;   537 224;    24433,73;;;;;
Panorama;   165 751;    11350,50;   191 273;    13051,73;   223 591;    15184,44;   229 047;    14982,13;;;;;
Paraguaçu Paulista;   742 918;    17570,96;   883 883;    20805,57;   903 652;    21172,73;   899 597;    20302,35;;;;;
Paraibuna;   207 723;    11949,08;   199 013;    11425,71;   218 371;    12516,96;   243 183;    13480,21;;;;;
Paraíso;   140 705;    23820,04;   150 073;    25290,42;   170 683;    28594,86;   175 672;    28302,26;;;;;
Paranapanema;   303 287;    17029,03;   332 734;    18500,64;   373 707;    20584,27;   441 412;    23275,09;;;;;
Paranapuã;   45 550;    11939,70;   43 402;    11332,21;   55 829;    14527,53;   59 765;    15004,93;;;;;
Parapuã;   190 539;    17570,93;   226 840;    20955,18;   236 267;    21866,48;   252 995;    22743,14;;;;;
Pardinho;   145 652;    26093,18;   156 914;    27782,15;   177 119;    31013,63;   195 702;    32731,60;;;;;
Pariquera-Açu;   278 833;    15110,45;   303 612;    16404,35;   360 039;    19391,36;   382 740;    19893,94;;;;;
Parisi;   21 046;    10357,48;   23 108;    11333,18;   25 582;    12509,63;   27 716;    13085,85;;;;;
Patrocínio Paulista;   368 627;    28351,53;   453 239;    34540,40;   550 335;    41566,12;   623 980;    45147,26;;;;;
Paulicéia;   116 941;    18439,15;   152 367;    23736,85;   160 960;    24778,34;   193 945;    28491,99;;;;;
Paulínia;  14 685 207;   1 78760,89;  9 844 187;   1 16482,72;  8 723 392;   1 00499,91;  12 153 539;   1 31151,41;;;;;
Paulistânia;   18 485;    10396,53;   26 300;    14783,40;   23 540;    13231,98;   22 062;    12016,08;;;;;
Paulo de Faria;   154 343;    17969,88;   158 254;    18405,97;   157 495;    18298,47;   173 763;    19539,32;;;;;
Pederneiras;  1 348 266;    32464,87;  1 559 146;    37236,00;  1 745 065;    41317,97;  1 979 414;    44912,17;;;;;
Pedra Bela;   41 623;    7201,16;   45 017;    7769,61;   51 267;    8830,01;   63 475;    10563,27;;;;;
Pedranópolis;   32 182;    12566,30;   33 086;    13000,22;   37 512;    14815,34;   41 744;    16086,17;;;;;
Pedregulho;   607 475;    38695,16;   690 682;    43838,88;   762 579;    48243,13;   453 992;    27712,88;;;;;
Pedreira;   755 090;    18173,48;   835 381;    19868,74;   884 304;    20799,33;   941 568;    21154,56;;;;;
Pedrinhas Paulista;   59 836;    20380,01;   65 270;    22148,07;   75 520;    25582,69;   86 300;    28257,87;;;;;
Pedro de Toledo;   90 254;    8837,21;   91 090;    8858,30;   100 055;    9659,64;   123 652;    11458,79;;;;;
Penápolis;   868 916;    14845,90;  1 006 314;    17111,86;  1 166 200;    19733,99;  1 185 732;    19320,72;;;;;
Pereira Barreto;   408 691;    16374,50;   492 310;    19726,33;   526 329;    21092,83;   570 408;    22158,64;;;;;
Pereiras;   102 981;    13789,61;   117 534;    15569,43;   123 658;    16185,63;   122 352;    15282,51;;;;;
Peruíbe;   644 496;    10778,79;   917 279;    15183,72;  1 095 654;    17952,71;  1 231 667;    19300,59;;;;;
Piacatu;   62 564;    11833,61;   59 241;    11097,97;   66 289;    12305,45;   72 114;    12817,99;;;;;
Piedade;   590 603;    11311,20;   667 080;    12755,37;   723 295;    13790,97;   940 332;    17310,02;;;;;
Pilar do Sul;   243 008;    9201,01;   309 274;    11629,04;   362 269;    13528,60;   446 983;    16032,40;;;;;
Pindamonhangaba;  3 819 871;    25979,51;  4 470 020;    30079,88;  5 118 975;    34089,68;  5 631 211;    35853,43;;;;;
Pindorama;   191 426;    12725,27;   198 230;    13051,74;   228 905;    14930,83;   285 842;    17850,61;;;;;
Pinhalzinho;   134 625;    10273,59;   151 550;    11422,24;   166 417;    12396,07;   203 690;    14480,01;;;;;
Piquerobi;   38 867;    10976,17;   40 330;    11386,30;   42 989;    12123,13;   47 347;    12918,60;;;;;
Piquete;   89 748;    6361,93;   103 979;    7414,36;   110 647;    7936,24;   125 744;    8806,82;;;;;
Piracaia;   256 957;    10221,43;   284 511;    11266,86;   318 491;    12546,91;   364 053;    13805,06;;;;;
Piracicaba;  12 251 552;    33577,67;  14 716 362;    40067,42;  16 084 424;    43480,93;  20 273 704;    52619,75;;;;;
Piraju;   338 858;    11894,35;   379 609;    13310,28;   485 046;    16981,60;   516 495;    17489,34;;;;;
Pirajuí;   212 821;    9365,47;   258 997;    11307,45;   282 019;    12209,67;   294 034;    12201,58;;;;;
Pirangi;   131 705;    12398,14;   151 039;    14158,13;   167 619;    15647,74;   191 946;    17273,76;;;;;
Pirapora do Bom Jesus;   322 044;    20477,15;   371 358;    23224,41;   333 951;    20566,03;   323 919;    18952,62;;;;;
Pirapozinho;   434 505;    17578,48;   496 387;    19940,82;   542 258;    21615,95;   583 437;    22314,58;;;;;
Pirassununga;  1 482 695;    21139,68;  1 718 051;    24375,74;  1 907 565;    26916,78;  2 042 563;    27731,12;;;;;
Piratininga;   102 192;    8465,21;   122 236;    10030,05;   131 963;    10731,34;   151 581;    11806,28;;;;;
Pitangueiras;   671 371;    19011,46;   733 846;    20598,59;   738 683;    20556,66;   794 522;    21187,81;;;;;
Planalto;   150 895;    33742,28;   144 243;    31884,05;   187 674;    40950,07;   215 780;    44879,30;;;;;
Platina;   47 156;    14773,33;   52 814;    16417,28;   54 010;    16659,47;   62 384;    18467,68;;;;;
Poá;  3 999 148;    37716,07;  4 177 809;    39119,16;  3 921 947;    36464,23;  5 263 923;    46993,02;;;;;
Poloni;   84 866;    15730,44;   95 318;    17512,05;   98 545;    17953,23;   102 909;    17972,18;;;;;
Pompéia;   706 205;    35375,70;   842 369;    41904,71;   933 126;    46114,46;  1 132 375;    53769,01;;;;;
Pongaí;   42 995;    12358,53;   44 391;    12811,25;   37 432;    10852,93;   48 990;    13850,71;;;;;
Pontal;   663 139;    16477,55;   738 886;    17997,46;   803 972;    19215,39;   802 686;    18145,53;;;;;
Pontalinda;   38 996;    9571,85;   44 999;    10932,72;   51 454;    12383,55;   56 757;    13074,59;;;;;
Pontes Gestal;   106 736;    42305,19;   128 966;    51237,81;   167 811;    66724,07;   120 513;    46476,39;;;;;
Populina;   62 213;    14731,99;   64 578;    15353,79;   72 300;    17259,40;   75 894;    17653,77;;;;;
Porangaba;   81 151;    9738,50;   86 154;    10189,65;   93 555;    10905,10;   134 471;    14906,41;;;;;
Porto Feliz;   875 420;    17897,14;  1 024 188;    20836,73;  1 112 893;    22526,38;  1 313 913;    25602,36;;;;;
Porto Ferreira;  1 128 896;    21959,98;  1 267 394;    24512,01;  1 386 017;    26654,69;  1 456 553;    26945,25;;;;;
Potim;   110 256;    5679,51;   143 616;    7237,96;   165 092;    8143,85;   163 328;    7596,32;;;;;
Potirendaba;   307 156;    19876,81;   351 444;    22547,24;   402 324;    25593,13;   410 929;    25055,12;;;;;
Pracinha;   15 679;    5476,58;   17 293;    5826,61;   18 080;    5881,48;   21 841;    6588,66;;;;;
Pradópolis;   352 492;    20253,49;   534 906;    30186,58;   550 507;    30495,63;   594 419;    31158,94;;;;;
Praia Grande;  3 242 172;    12433,12;  3 696 182;    13827,48;  4 380 654;    16082,29;  4 955 164;    17207,40;;;;;
Pratânia;   73 890;    16066,63;   62 027;    13341,96;   80 227;    17080,48;   77 698;    15817,92;;;;;
Presidente Alves;   37 964;    9207,95;   46 302;    11268,35;   52 867;    12913,40;   57 026;    13561,46;;;;;
Presidente Bernardes;   142 907;    10551,31;   160 814;    11923,65;   188 375;    14051,53;   201 947;    14714,86;;;;;
Presidente Epitácio;   636 218;    15395,84;   643 190;    15508,26;   676 736;    16258,30;   872 877;    20226,55;;;;;
Presidente Prudente;  4 295 528;    20688,88;  4 668 841;    22336,28;  5 257 340;    24988,19;  5 729 555;    26167,13;;;;;
Presidente Venceslau;   403 076;    10631,05;   442 364;    11655,27;   493 917;    12999,19;   556 562;    14174,50;;;;;
Promissão;  1 410 601;    39525,91;  1 663 455;    46175,02;  1 651 392;    45412,82;  1 555 506;    40950,52;;;;;
Quadra;   72 465;    22393,52;   57 176;    17426,45;   57 758;    17370,85;   78 204;    22414,38;;;;;
Quatá;   286 031;    22297,38;   301 675;    23409,28;   348 107;    26835,24;   363 736;    26941,39;;;;;
Queiroz;   160 014;    56985,12;   205 175;    71814,83;   88 743;    30548,36;   190 773;    62344,08;;;;;
Queluz;   108 623;    9591,48;   124 802;    10873,18;   148 741;    12777,31;   181 159;    14807,85;;;;;
Quintana;   68 749;    11442,83;   84 996;    14053,52;   99 167;    16286,19;   121 231;    19124,61;;;;;
Rafard;   172 886;    20047,07;   197 879;    22923,89;   192 833;    22290,27;   190 029;    21227,57;;;;;
Rancharia;   552 374;    19197,64;   631 592;    21924,96;   838 786;    29115,40;   910 056;    30608,65;;;;;
Redenção da Serra;   32 108;    8277,39;   34 267;    8877,44;   35 731;    9287,92;   44 010;    11136,15;;;;;
Regente Feijó;   373 775;    20208,43;   410 450;    22056,52;   471 778;    25201,83;   506 700;    26027,35;;;;;
Reginópolis;   58 906;    8041,84;   80 749;    10735,07;   78 981;    10240,01;   85 095;    10354,69;;;;;
Registro;   978 135;    18020,50;  1 163 596;    21428,62;  1 419 278;    26119,43;  1 627 890;    29005,76;;;;;
Restinga;   111 929;    16992,46;   95 094;    14269,74;   123 130;    18271,20;   119 867;    16992,80;;;;;
Ribeira;   22 510;    6703,25;   23 779;    7104,65;   26 120;    7829,72;   29 513;    8611,78;;;;;
Ribeirão Bonito;   148 831;    12270,66;   162 559;    13320,11;   198 145;    16148,70;   241 303;    18925,72;;;;;
Ribeirão Branco;   154 392;    8449,65;   134 117;    7433,60;   183 355;    10288,15;   308 021;    17024,33;;;;;
Ribeirão Corrente;   63 594;    14882,75;   50 867;    11818,47;   77 100;    17793,66;   70 433;    15616,98;;;;;
Ribeirão do Sul;   64 168;    14374,58;   68 330;    15379,18;   80 417;    18115,93;   89 897;    19649,54;;;;;
Ribeirão dos Índios;   21 430;    9798,70;   25 856;    11833,51;   28 511;    13066,29;   31 102;    13835,42;;;;;
Ribeirão Grande;   205 126;    27648,72;   225 152;    30323,55;   223 132;    30043,36;   206 152;    26888,24;;;;;
Ribeirão Pires;  1 813 097;    16039,00;  2 082 009;    18307,24;  2 299 210;    20104,85;  2 660 355;    22380,19;;;;;
Ribeirão Preto;  17 544 632;    28993,93;  19 095 916;    31185,15;  21 075 107;    34006,04;  23 510 302;    36194,42;;;;;
Rifaina;   127 080;    36984,77;   140 274;    40718,25;   138 194;    40021,40;   119 373;    33400,28;;;;;
Rincão;   121 786;    11694,41;   132 122;    12678,41;   152 118;    14588,81;   151 163;    14038,13;;;;;
Rinópolis;   100 457;    10111,38;   115 038;    11607,10;   126 726;    12817,40;   152 985;    15042,78;;;;;
Rio Claro;  5 611 830;    30122,70;  6 471 068;    34486,98;  7 236 386;    38292,42;  7 665 019;    38944,11;;;;;
Rio das Pedras;   801 235;    27153,15;   917 214;    30611,56;   986 816;    32451,46;  1 129 910;    35329,55;;;;;
Rio Grande da Serra;   380 911;    8640,57;   423 544;    9517,20;   452 792;    10058,92;   521 263;    11057,29;;;;;
Riolândia;   104 817;    9912,73;   124 214;    11576,33;   131 129;    12052,28;   145 443;    12725,77;;;;;
Riversul;   31 463;    5103,54;   35 202;    5785,00;   38 699;    6441,25;   43 506;    7136,74;;;;;
Rosana;   823 117;    41801,70;   867 640;    44855,50;   979 795;    51551,87;  1 042 165;    54404,11;;;;;
Roseira;   151 809;    15803,55;   186 344;    19254,35;   190 840;    19565,28;   207 926;    20449,02;;;;;
Rubiácea;   59 227;    21702,75;   59 099;    21412,71;   64 514;    23131,57;   44 242;    15166,87;;;;;
Rubinéia;   30 289;    10583,32;   37 209;    12915,16;   43 775;    15094,81;   50 572;    16762,25;;;;;
Sabino;   100 427;    19216,73;   78 929;    15068,52;   53 674;    10208,12;   89 598;    16433,97;;;;;
Sagres;   22 714;    9483,92;   23 987;    10028,00;   32 654;    13668,47;   33 165;    13481,72;;;;;
Sales;   57 749;    10596,21;   67 456;    12220,37;   82 170;    14709,98;   92 370;    15781,64;;;;;
Sales Oliveira;   191 663;    18136,16;   209 360;    19632,40;   248 101;    23066,26;   262 329;    23370,05;;;;;
Salesópolis;   129 905;    8306,49;   139 288;    8852,69;   149 039;    9416,18;   164 971;    10021,33;;;;;
Salmourão;   52 512;    10899,11;   53 839;    11098,47;   62 361;    12776,29;   56 121;    11049,70;;;;;
Saltinho;   118 896;    16843,13;   143 911;    20110,53;   158 937;    21922,29;   178 361;    23446,92;;;;;
Salto;  3 337 553;    31614,89;  3 955 505;    37153,11;  4 468 035;    41608,79;  4 987 998;    44515,03;;;;;
Salto de Pirapora;   932 263;    23224,72;  1 078 589;    26618,02;  1 134 811;    27748,03;  1 243 453;    29113,86;;;;;
Salto Grande;   95 349;    10851,15;   105 058;    11919,43;   122 341;    13841,00;   141 104;    15411,15;;;;;
Sandovalina;   127 615;    34499,76;   165 844;    44272,33;   175 926;    46394,06;   183 060;    46064,53;;;;;
Santa Adélia;   206 412;    14401,18;   216 165;    15010,43;   232 180;    16048,92;   256 654;    17090,90;;;;;
Santa Albertina;   82 761;    14461,17;   106 520;    18576,95;   100 167;    17438,48;   139 694;    23513,51;;;;;
Santa Bárbara d'Oeste;  3 514 169;    19507,12;  4 144 801;    22928,34;  4 464 719;    24597,78;  5 129 706;    27241,91;;;;;
Santa Branca;   208 408;    15134,93;   246 077;    17804,56;   199 615;    14384,63;   237 226;    16479,78;;;;;
Santa Clara d'Oeste;   31 141;    14942,78;   32 976;    15838,82;   39 681;    19086,45;   45 971;    21471,68;;;;;
Santa Cruz da Conceição;   94 380;    23606,92;   108 229;    26795,95;   120 499;    29577,54;   124 265;    29231,98;;;;;
Santa Cruz da Esperança;   26 383;    13509,02;   22 145;    11264,20;   31 195;    15778,91;   33 262;    16178,01;;;;;
Santa Cruz das Palmeiras;   295 196;    9848,41;   302 084;    9980,32;   338 065;    11050,41;   375 726;    11738,15;;;;;
Santa Cruz do Rio Pardo;   964 845;    21963,74;  1 015 327;    22996,18;  1 285 281;    28964,08;  1 440 262;    31247,54;;;;;
Santa Ernestina;   53 512;    9610,61;   55 168;    9931,28;   62 977;    11363,60;   75 665;    13272,15;;;;;
Santa Fé do Sul;   536 437;    18349,12;   641 650;    21788,52;   729 658;    24608,22;   781 430;    25311,95;;;;;
Santa Gertrudes;   915 666;    42305,76;  1 085 388;    49170,42;  1 224 792;    54437,60;  1 344 571;    56511,20;;;;;
Santa Isabel;   963 673;    19096,25;  1 000 032;    19620,40;  1 162 470;    22586,70;  1 309 914;    24355,09;;;;;
Santa Lúcia;   77 501;    9398,58;   79 997;    9662,68;   93 926;    11305,49;   96 215;    11170,90;;;;;
Santa Maria da Serra;   86 361;    15939,70;   94 084;    17200,04;   118 218;    21396,94;   135 886;    23525,98;;;;;
Santa Mercedes;   40 827;    14421,49;   43 164;    15230,65;   52 313;    18446,04;   53 828;    18377,61;;;;;
Santa Rita d'Oeste;   28 794;    11322,79;   34 783;    13737,36;   39 574;    15697,80;   40 564;    15691,96;;;;;
Santa Rita do Passa Quatro;   458 604;    17358,23;   520 060;    19621,20;   578 529;    21806,59;   543 879;    19841,63;;;;;
Santa Rosa de Viterbo;   571 067;    23923,05;   630 032;    26197,85;   670 891;    27689,60;   701 005;    27766,96;;;;;
Santa Salete;   17 177;    11870,73;   17 658;    12153,13;   17 629;    12091,06;   18 768;    12420,87;;;;;
Santana da Ponte Pensa;   19 355;    11794,91;   20 662;    12738,90;   21 528;    13429,88;   23 339;    14326,89;;;;;
Santana de Parnaíba;  4 699 134;    43160,82;  5 852 123;    52522,15;  6 511 743;    57148,13;  7 373 603;    60939,87;;;;;
Santo Anastácio;   226 936;    11071,11;   249 400;    12193,23;   285 439;    13968,83;   302 639;    14371,02;;;;;
Santo André;  18 499 215;    27450,41;  20 564 037;    30308,71;  22 716 938;    33382,91;  25 027 925;    35503,52;;;;;
Santo Antônio da Alegria;   114 880;    18223,32;   114 932;    18110,95;   121 002;    18948,02;   138 535;    20851,21;;;;;
Santo Antônio de Posse;   471 604;    22854,56;   526 560;    25261,95;   605 500;    28789,45;   687 017;    31289,18;;;;;
Santo Antônio do Aracanguá;   202 784;    26587,61;   183 173;    23850,63;   169 930;    21977,47;   173 861;    21602,96;;;;;
Santo Antônio do Jardim;   78 919;    13279,35;   97 315;    16418,94;   99 999;    16914,61;   108 334;    17823,90;;;;;
Santo Antônio do Pinhal;   54 369;    8343,90;   62 959;    9687,48;   66 257;    10177,65;   78 388;    11642,41;;;;;
Santo Expedito;   21 102;    7520,45;   23 400;    8283,31;   23 620;    8302,20;   27 521;    9288,24;;;;;
Santópolis do Aguapeí;   41 930;    9794,38;   47 251;    10955,56;   50 545;    11627,57;   54 981;    12131,62;;;;;
Santos;  13 312 005;    31713,60;  15 317 798;    36513,63;  17 431 915;    41542,74;  19 265 873;    44478,22;;;;;
São Bento do Sapucaí;   107 208;    10247,33;   115 516;    11025,70;   139 588;    13311,80;   146 826;    13556,12;;;;;
São Bernardo do Campo;  42 559 739;    55618,89;  45 439 191;    58992,55;  44 885 294;    57925,03;  47 668 531;    59149,80;;;;;
São Caetano do Sul;  11 687 265;    78138,57;  12 726 132;    84862,38;  14 618 273;    97042,40;  15 306 267;    97889,94;;;;;
São Carlos;  6 712 498;    30245,20;  7 374 130;    32894,82;  8 076 090;    35684,07;  8 903 088;    37652,04;;;;;
São Francisco;   24 093;    8626,23;   27 127;    9730,00;   29 234;    10504,64;   32 649;    11399,76;;;;;
São João da Boa Vista;  1 722 781;    20592,40;  1 941 223;    23077,11;  2 064 930;    24412,77;  2 312 016;    26299,21;;;;;
São João das Duas Pontes;   23 837;    9289,62;   24 312;    9500,51;   28 534;    11180,98;   27 134;    10340,86;;;;;
São João de Iracema;   29 622;    16641,60;   40 311;    22532,55;   31 582;    17574,91;   34 052;    18258,25;;;;;
São João do Pau d'Alho;   25 569;    12158,15;   25 656;    12228,88;   38 152;    18237,03;   40 893;    19020,10;;;;;
São Joaquim da Barra;   924 865;    19879,31;  1 083 600;    23108,91;  1 130 382;    23920,39;  1 290 404;    26196,32;;;;;
São José da Bela Vista;   95 527;    11362,83;   92 343;    10951,54;   104 760;    12388,82;   109 939;    12551,60;;;;;
São José do Barreiro;   27 992;    6832,29;   35 489;    8715,37;   35 656;    8764,97;   41 868;    9992,47;;;;;
São José do Rio Pardo;  1 139 941;    21959,95;  1 244 131;    23907,20;  1 338 970;    25662,56;  1 387 940;    25691,17;;;;;
São José do Rio Preto;  9 367 640;    22935,45;  10 623 469;    25780,36;  11 926 848;    28686,24;  13 259 377;    30548,82;;;;;
São José dos Campos;  25 796 747;    41107,47;  25 039 723;    39316,48;  26 045 842;    40468,80;  27 401 017;    40699,31;;;;;
São Lourenço da Serra;   211 455;    15120,15;   218 135;    15459,61;   184 467;    12953,26;   220 531;    14826,63;;;;;
São Luís do Paraitinga;   85 164;    8185,65;   94 919;    9131,18;   105 626;    10163,20;   135 020;    12593,94;;;;;
São Manuel;   695 490;    18116,43;   738 118;    19181,86;   840 827;    21775,18;   923 433;    23070,26;;;;;
São Miguel Arcanjo;   330 203;    10498,63;   406 326;    12898,84;   427 505;    13550,52;   485 739;    14890,37;;;;;
São Paulo;  446 958 815;    39749,57;  495 708 264;    43805,50;  533 373 226;    46883,01;  570 706 192;    48275,45;;;;;
São Pedro;   397 673;    12549,63;   432 397;    13533,13;   455 929;    14145,66;   502 671;    14943,55;;;;;
São Pedro do Turvo;   92 018;    12766,16;   94 863;    13135,31;   122 073;    16849,26;   139 370;    18562,90;;;;;
São Roque;  1 430 113;    18131,85;  1 577 851;    19783,23;  1 771 470;    21961,92;  2 002 960;    23714,89;;;;;
São Sebastião;  3 792 327;    51363,57;  4 360 130;    58009,00;  3 953 949;    51791,22;  5 772 026;    71810,12;;;;;
São Sebastião da Grama;   156 936;    12969,89;   174 099;    14421,71;   228 305;    18952,73;   212 973;    17183,52;;;;;
São Simão;   245 123;    17081,74;   261 144;    18137,49;   310 713;    21505,63;   353 889;    23630,42;;;;;
São Vicente;  3 214 342;    9669,40;  3 468 553;    10364,32;  3 874 735;    11504,25;  4 386 717;    12516,85;;;;;
Sarapuí;   92 552;    10252,78;   110 344;    12097,74;   108 240;    11749,95;   111 398;    11570,20;;;;;
Sarutaiá;   25 244;    6969,70;   27 868;    7711,04;   30 986;    8595,34;   41 771;    11268,06;;;;;
Sebastianópolis do Sul;   236 356;    77979,49;   190 139;    61954,56;   198 396;    63895,69;   231 341;    71138,17;;;;;
Serra Azul;   82 034;    7286,07;   89 112;    7716,00;   115 444;    9756,90;   133 454;    10598,34;;;;;
Serra Negra;   386 880;    14675,66;   438 540;    16497,62;   477 788;    17847,87;   513 566;    18421,25;;;;;
Serrana;   469 615;    12075,17;   550 516;    13986,68;   564 253;    14167,96;   681 563;    16333,46;;;;;
Sertãozinho;  3 799 311;    34509,70;  3 986 943;    35835,43;  4 301 032;    38265,07;  4 383 009;    37289,82;;;;;
Sete Barras;   239 977;    18451,24;   189 545;    14635,55;   229 390;    17784,93;   164 078;    12393,53;;;;;
Severínia;   221 500;    14286,60;   236 521;    15116,04;   244 351;    15477,02;   254 980;    15470,22;;;;;
Silveiras;   37 022;    6391,99;   39 235;    6736,85;   42 670;    7287,82;   52 374;    8609,87;;;;;
Socorro;   430 605;    11734,69;   479 275;    12956,17;   519 375;    13928,74;   563 401;    14491,52;;;;;
Sorocaba;  18 670 200;    31843,51;  21 519 133;    36241,16;  24 869 435;    41401,31;  26 908 887;    42764,72;;;;;
Sud Mennucci;   133 948;    18003,76;   168 408;    22632,46;   201 074;    27004,24;   191 489;    24897,83;;;;;
Sumaré;  9 231 358;    38235,06;  9 364 240;    38542,31;  10 942 308;    44436,31;  11 327 493;    43810,60;;;;;
Suzanápolis;   115 380;    34105,69;   95 315;    27796,67;   83 916;    24162,39;   104 358;    28654,07;;;;;
Suzano;  6 580 338;    25061,46;  7 275 558;    27447,27;  7 828 854;    29257,67;  8 998 633;    32193,16;;;;;
Tabapuã;   170 273;    14980,91;   180 971;    15833,00;   189 370;    16474,15;   215 582;    18041,85;;;;;
Tabatinga;   140 470;    9564,88;   149 515;    10090,77;   155 646;    10415,95;   170 742;    10952,00;;;;;
Taboão da Serra;  5 607 690;    22914,81;  6 205 120;    25007,84;  6 669 662;    26508,15;  7 375 289;    27899,50;;;;;
Taciba;   126 887;    22206,34;   157 280;    27343,54;   184 527;    31875,45;   186 950;    31039,37;;;;;
Taguaí;   114 345;    10563,08;   134 431;    12126,20;   147 491;    13010,89;   172 759;    14355,90;;;;;
Taiaçu;   53 488;    9074,97;   54 583;    9226,42;   59 113;    9958,42;   65 321;    10616,14;;;;;
Taiúva;   63 692;    11693,07;   66 656;    12246,16;   72 073;    13251,11;   78 845;    14064,44;;;;;
Tambaú;   386 474;    17245,61;   406 246;    18121,42;   419 710;    18712,85;   454 696;    19633,67;;;;;
Tanabi;   398 455;    16564,35;   457 476;    18929,01;   484 876;    19972,63;   723 582;    28714,71;;;;;
Tapiraí;   72 365;    9028,74;   80 128;    10053,73;   87 961;    11094,96;   118 108;    14536,36;;;;;
Tapiratiba;   172 524;    13538,70;   181 166;    14240,40;   226 115;    17794,53;   229 258;    17512,65;;;;;
Taquaral;   24 022;    8812,20;   24 278;    8902,82;   22 569;    8276,14;   19 922;    7079,60;;;;;
Taquaritinga;   723 487;    13401,62;   815 391;    15061,90;   882 296;    16254,83;  1 030 623;    18337,19;;;;;
Taquarituba;   254 468;    11414,20;   306 308;    13726,55;   390 248;    17470,14;   450 510;    19516,97;;;;;
Taquarivaí;   68 608;    13324,49;   70 416;    13531,19;   89 280;    16992,70;   132 478;    24135,15;;;;;
Tarabai;   60 211;    9115,92;   65 379;    9800,51;   69 233;    10285,65;   76 424;    10874,20;;;;;
Tarumã;   558 447;    43347,55;   650 665;    49859,36;   757 970;    57382,83;   804 175;    58084,14;;;;;
Tatuí;  2 315 838;    21447,91;  2 641 660;    24371,13;  2 990 731;    27331,33;  3 348 513;    29292,24;;;;;
Taubaté;  11 825 635;    42427,76;  13 029 568;    46313,19;  13 765 182;    48486,19;  14 988 466;    50563,09;;;;;
Tejupá;   32 843;    6829,43;   39 025;    8183,02;   44 795;    9470,35;   58 394;    12094,78;;;;;
Teodoro Sampaio;   295 296;    13805,99;   367 218;    17085,45;   418 681;    19387,85;   435 753;    19432,44;;;;;
Terra Roxa;   93 075;    10943,60;   86 229;    10069,97;   101 116;    11731,71;   108 812;    12132,04;;;;;
Tietê;  1 266 040;    34378,03;  1 340 724;    36012,91;  1 413 706;    37589,57;  1 531 637;    38949,16;;;;;
Timburi;   22 828;    8627,20;   26 156;    9907,57;   26 861;    10197,84;   32 194;    11883,98;;;;;
Torre de Pedra;   13 945;    6178,66;   14 392;    6359,57;   16 833;    7412,27;   23 636;    10040,78;;;;;
Torrinha;   116 911;    12530,66;   133 543;    14255,24;   146 248;    15550,07;   148 471;    15221,54;;;;;
Trabiju;   25 339;    16411,48;   28 441;    18266,24;   29 309;    18680,33;   34 148;    20885,52;;;;;
Tremembé;   413 742;    10094,96;   464 333;    11200,34;   508 888;    12140,96;   528 931;    12056,51;;;;;
Três Fronteiras;   53 559;    9867,26;   56 416;    10355,39;   68 506;    12528,52;   68 381;    12062,24;;;;;
Tuiuti;   115 232;    19415,68;   105 760;    17612,00;   98 131;    16145,21;   103 317;    16221,78;;;;;
Tupã;   985 478;    15521,29;  1 145 341;    18040,57;  1 303 812;    20533,11;  1 401 101;    21377,80;;;;;
Tupi Paulista;   171 808;    12046,53;   186 839;    13024,69;   209 291;    14515,94;   229 665;    15335,54;;;;;
Turiúba;   35 108;    18219,14;   37 110;    19198,06;   30 995;    16009,64;   30 793;    15396,73;;;;;
Turmalina;   29 392;    14859,22;   30 175;    15482,32;   31 086;    16190,78;   31 272;    16103,07;;;;;
Ubarana;   152 267;    28805,62;   178 772;    33278,52;   172 493;    31644,29;   183 997;    32099,98;;;;;
Ubatuba;   898 760;    11395,46;  1 049 819;    13169,15;  1 229 307;    15251,19;  1 457 786;    17277,06;;;;;
Ubirajara;   39 772;    8979,83;   43 727;    9830,73;   47 663;    10667,58;   49 152;    10599,92;;;;;
Uchoa;   191 745;    20236,89;   201 814;    21232,42;   229 193;    24031,97;   239 853;    24264,36;;;;;
União Paulista;   30 470;    19055,66;   31 953;    19748,63;   37 009;    22621,85;   39 233;    22916,48;;;;;
Urânia;   120 755;    13666,24;   135 418;    15323,96;   141 020;    15956,10;   154 224;    16908,71;;;;;
Uru;   20 640;    16498,40;   21 181;    17081,55;   14 994;    12210,13;   21 037;    16803,11;;;;;
Urupês;   163 128;    12824,54;   180 121;    14091,73;   205 788;    16017,12;   238 808;    17894,95;;;;;
Valentim Gentil;   204 493;    18538,03;   221 803;    19763,25;   240 518;    21090,71;   273 830;    22796,39;;;;;
Valinhos;  3 918 466;    36632,13;  4 263 109;    39247,20;  4 437 537;    40198,72;  4 970 627;    42736,76;;;;;
Valparaíso;   488 941;    21618,29;   530 536;    23183,71;   580 838;    25056,62;   667 285;    27434,31;;;;;
Vargem;   59 850;    6800,34;   66 965;    7488,83;   77 476;    8535,45;   93 818;    9823,82;;;;;
Vargem Grande do Sul;   457 451;    11650,05;   536 536;    13585,25;   645 807;    16261,45;   742 956;    17998,39;;;;;
Vargem Grande Paulista;   885 164;    20611,10;  1 140 481;    26044,91;  1 324 018;    29716,49;  1 496 965;    31841,52;;;;;
Várzea Paulista;  1 836 996;    17144,79;  2 033 365;    18795,09;  2 190 609;    20051,89;  2 368 423;    20744,70;;;;;
Vera Cruz;   86 029;    7988,55;   84 108;    7827,59;   104 575;    9753,32;   106 318;    9637,26;;;;;
Vinhedo;  5 228 320;    82096,58;  5 967 403;    91990,18;  6 379 353;    96529,62;  7 137 263;   1 02187,18;;;;;
Viradouro;   171 781;    9925,52;   189 242;    10875,98;   219 154;    12523,77;   244 789;    13456,57;;;;;
Vista Alegre do Alto;   201 468;    29244,88;   223 490;    31700,65;   269 173;    37343,67;   275 143;    35957,02;;;;;
Vitória Brasil;   16 014;    9219,22;   16 814;    9652,15;   19 102;    10934,03;   21 714;    12003,15;;;;;
Votorantim;  1 875 814;    17229,54;  2 138 430;    19476,04;  2 247 477;    20292,33;  2 483 534;    21486,65;;;;;
Votuporanga;  1 472 025;    17373,54;  1 642 282;    19233,40;  1 891 710;    21981,55;  2 145 029;    23909,36;;;;;
Zacarias;   57 500;    24636,00;   57 696;    24395,86;   63 102;    26358,28;   63 857;    25451,28;;;;;
Fonte: IBGE, em parceria com os Órgãos Estaduais de Estatística, Secretarias Estaduais de Governo e Superintendência da Zona Franca de Manaus - SUFRAMA.;;;;;;;;;;;;;
(1) Dados sujeitos a revisão. ;;;;;;;;;;;;;
Nota: Inclui dados do Distrito Estadual de Fernando de Noronha e do Distrito Federal.;;;;;;;;;;;;;